date,activity_type,title,distance,calories,time,avg_hr,max_hr,aerobic_te,avg_run_cadence,max_run_cadence,avg_pace,best_pace,elev_gain,elev_loss,avg_stride_length
2020-11-10 15:12:40,Running,Portland Running,3.11,463,00:25:42,157,178,3.2,174,184,8:16,7:36,46,82,1.12
2020-11-08 16:14:17,Running,Portland Running,6.26,"1,011",00:58:11,156,171,3.7,166,184,9:17,8:02,121,180,1.03
2020-11-06 14:33:08,Running,Portland Running,4.35,703,00:38:38,161,173,3.6,165,186,8:53,7:44,33,82,1.1
2020-11-04 12:16:30,Running,Portland Running,4.0,638,00:35:02,161,176,3.6,167,182,8:45,7:28,46,62,1.1
2020-11-03 14:17:58,Running,Portland Running,4.01,623,00:35:40,157,171,3.5,170,182,8:54,8:07,30,62,1.06
2020-11-02 12:01:27,Cycling,Portland Cycling,10.32,401,00:50:00,109,152,0.9,0,0,12.4,22.0,348,338,0.0
2020-11-01 13:21:42,Running,Portland Running,4.01,657,00:38:24,154,162,3.3,166,182,9:34,8:13,36,46,1.01
2020-10-31 16:25:04,Cycling,Portland Cycling,9.95,558,00:48:05,128,172,2.2,0,0,12.4,23.9,377,371,0.0
2020-10-30 12:35:45,Running,Portland Running,3.11,488,00:27:58,156,170,3.2,169,186,9:00,7:49,30,59,1.06
2020-10-29 13:12:43,Running,Portland Running,6.21,"1,044",00:57:56,163,173,4.1,169,182,9:20,8:10,151,135,1.02
2020-10-27 14:07:59,Running,Portland Running,5.02,854,00:46:44,162,176,3.9,166,188,9:19,8:24,118,128,1.04
2020-10-25 13:33:49,Running,Portland Running,4.02,644,00:37:58,152,169,3.2,167,184,9:27,8:27,144,174,1.02
2020-10-24 11:23:26,Running,Portland Running,3.11,484,00:27:41,154,169,3.1,172,184,8:54,7:47,56,92,1.05
2020-10-23 14:04:25,Running,Portland Running,5.02,819,00:45:11,160,178,3.8,172,184,9:00,8:09,52,69,1.04
2020-10-22 12:36:42,Cycling,Portland Cycling,9.59,209,00:45:31,85,120,0.2,0,0,12.6,24.2,318,341,0.0
2020-10-21 13:36:20,Running,Portland Running,5.01,814,00:45:31,158,169,3.7,171,186,9:05,7:56,56,66,1.03
2020-10-20 14:19:22,Cycling,Portland Cycling,10.2,219,00:43:17,88,137,0.3,0,0,14.1,24.1,295,312,0.0
2020-10-19 07:18:15,Running,Portland Running,3.14,493,00:29:26,149,160,3.0,166,182,9:22,8:27,102,154,1.03
2020-10-18 11:27:14,Running,Portland Running,4.02,625,00:35:24,158,170,3.5,169,184,8:49,7:58,59,59,1.08
2020-10-17 14:47:18,Cycling,Portland Cycling,22.21,"1,173",01:42:32,137,165,2.8,0,0,13.0,26.3,728,728,0.0
2020-10-15 13:08:12,Running,Portland Running,3.11,513,00:28:45,159,175,3.3,165,182,9:16,8:13,33,43,1.06
2020-10-14 12:58:51,Running,Portland Running,3.14,489,00:28:19,155,175,3.2,168,178,9:02,7:56,49,85,1.06
2020-10-13 14:24:40,Cycling,Portland Cycling,10.36,548,00:50:50,124,170,2.0,0,0,12.2,26.0,476,502,0.0
2020-10-12 15:05:38,Cycling,Portland Cycling,13.84,592,01:09:40,113,173,1.7,0,0,11.9,24.6,469,459,0.0
2020-10-10 15:31:39,Running,Portland Running,5.01,821,00:47:51,155,164,3.5,167,180,9:33,8:46,46,102,1.01
2020-10-09 17:25:55,Running,Portland Running,3.11,487,00:29:33,150,169,3.1,163,180,9:30,8:13,82,115,1.04
2020-10-08 13:17:44,Running,Portland Running,4.01,645,00:36:52,158,174,3.6,165,190,9:11,6:59,26,49,1.06
2020-10-06 17:24:35,Running,Portland Running,3.11,494,00:28:01,160,180,3.5,166,184,9:01,8:07,20,33,1.07
2020-10-05 19:21:10,Running,Portland Running,2.01,309,00:19:09,149,174,2.7,164,180,9:31,8:00,10,26,1.03
2020-10-04 15:47:11,Running,Portland Running,7.02,"1,157",01:06:47,160,172,4.4,167,180,9:31,8:36,66,79,1.01
2020-10-03 15:25:45,Cycling,Portland Cycling,16.06,802,01:14:39,125,168,2.6,0,0,12.9,23.5,427,404,0.0
2020-10-02 17:07:48,Running,Portland Running,3.11,493,00:28:28,159,174,3.4,166,184,9:10,7:42,95,102,1.06
2020-09-30 14:30:18,Running,Portland Running,3.11,493,00:27:00,166,183,3.7,168,184,8:41,7:47,26,33,1.1
2020-09-28 17:56:57,Running,Portland Running,5.02,796,00:46:49,158,170,3.9,166,180,9:20,8:20,39,66,1.04
2020-09-25 18:22:29,Running,Portland Running,4.01,656,00:37:59,160,174,3.8,165,184,9:28,8:21,85,128,1.03
2020-09-24 13:57:19,Running,Portland Running,3.13,504,00:28:33,162,180,3.6,165,184,9:08,7:40,108,115,1.07
2020-09-22 14:25:45,Running,Portland Running,3.11,482,00:28:06,158,180,3.5,164,182,9:02,7:47,56,46,1.09
2020-09-20 14:24:14,Running,Portland Running,4.02,650,00:36:41,163,180,4.2,167,180,9:08,8:16,39,46,1.06
2020-09-19 10:32:09,Running,Portland Running,4.01,669,00:36:29,168,187,4.7,168,182,9:06,8:17,30,46,1.05
2020-09-12 15:50:31,Hiking,Valley County Hiking,8.36,"1,611",03:06:00,128,173,2.6,94,215,22:16,7:30,"2,123","2,159",0.77
2020-09-09 12:26:49,Running,Portland Running,3.11,499,00:27:37,165,183,3.8,166,178,8:53,7:21,39,43,1.09
2020-09-05 17:03:41,Running,Portland Running,6.21,"1,033",01:00:05,161,177,4.5,165,176,9:40,8:39,62,72,1.01
2020-09-02 13:02:06,Running,Portland Running,3.11,494,00:29:52,153,183,3.4,163,180,9:36,8:38,26,36,1.03
2020-08-31 17:30:42,Cycling,Portland Cycling,8.42,444,00:55:53,111,138,0.9,0,0,9.0,15.5,167,161,0.0
2020-08-30 12:59:08,Cycling,Portland Cycling,16.01,765,01:42:39,109,137,0.7,0,0,9.4,21.3,344,361,0.0
2020-08-29 16:28:26,Running,Portland Running,3.11,426,00:27:42,152,174,3.2,165,178,8:55,7:45,30,10,1.09
2020-08-28 19:17:01,Running,Portland Running,3.11,518,00:30:44,156,170,3.3,159,180,9:53,7:58,16,36,1.02
2020-08-24 11:21:53,Hiking,Lincoln City Hiking,4.8,844,02:08:36,103,144,1.0,84,163,26:48,13:57,"1,417","1,385",0.72
2020-08-20 12:48:59,Running,Portland Running,4.01,689,00:39:37,161,183,3.7,161,180,9:52,8:27,52,33,1.01
2020-08-19 17:43:10,Running,Portland Running,2.01,308,00:17:58,157,177,3.0,167,181,8:57,8:04,20,33,1.08
2020-08-18 14:02:38,Running,Portland Running,3.11,496,00:29:18,156,175,3.4,161,180,9:26,8:20,33,30,1.06
2020-08-17 12:34:10,Walking,Portland Walking,2.31,320,00:38:54,98,145,1.1,108,168,16:50,9:24,36,33,0.88
2020-08-16 15:20:47,Running,Portland Running,1.01,159,00:09:58.0,147,163,2.2,163,178,9:55,8:30,7,3,0.99
2020-08-15 18:57:52,Running,Portland Running,1.01,142,00:07:37.3,173,181,2.4,176,184,7:33,7:08,16,3,1.21
2020-08-13 20:45:01,Running,Portland Running,2.0,313,00:18:32,157,175,3.0,163,172,9:15,8:24,20,52,1.07
2020-08-12 13:10:10,Running,Portland Running,3.11,475,00:27:21,161,175,3.5,169,182,8:48,8:07,36,43,1.08
2020-08-10 12:22:17,Walking,Portland Walking,3.7,537,00:47:28,128,169,2.6,128,181,12:50,8:09,62,49,0.97
2020-08-08 16:56:25,Running,Portland Running,4.02,657,00:37:21,164,178,4.0,164,178,9:18,8:19,46,43,1.06
2020-08-04 14:01:12,Running,Portland Running,3.11,477,00:28:29,158,181,3.4,165,182,9:10,7:51,43,52,1.06
2020-08-02 15:29:17,Running,Portland Running,3.1,477,00:28:57,156,180,3.4,163,186,9:21,7:28,26,39,1.06
2020-08-01 19:43:23,Running,Portland Running,3.1,498,00:28:50,164,179,3.6,164,178,9:17,8:11,102,115,1.05
2020-07-30 12:36:57,Cycling,Portland Cycling,10.11,587,00:48:44,131,177,3.1,0,0,12.4,27.1,440,430,0.0
2020-07-29 12:42:13,Running,Portland Running,4.01,681,00:39:26,163,187,4.2,159,176,9:51,8:17,43,43,1.03
2020-07-23 18:33:20,Cycling,Portland Cycling,10.59,591,01:07:01,118,148,1.1,0,0,9.5,19.1,151,144,0.0
2020-07-23 16:49:24,Running,Portland Running,3.11,514,00:30:26,160,181,3.6,162,176,9:47,7:33,16,33,1.01
2020-07-22 15:04:46,Running,Portland Running,3.0,490,00:27:59,164,178,3.7,165,177,9:19,7:55,52,49,1.05
2020-07-20 12:58:18,Walking,Portland Walking,1.45,189,00:27:09,99,115,0.3,102,109,18:45,15:42,23,26,0.84
2020-07-16 11:58:58,Running,Portland Running,3.01,482,00:28:27,161,175,3.5,162,178,9:28,8:11,59,59,1.05
2020-07-15 20:16:05,Cycling,Portland Cycling,6.03,278,00:46:45,98,124,0.3,0,0,7.7,16.3,135,138,0.0
2020-07-14 13:26:36,Running,Portland Running,4.01,656,00:38:47,159,178,3.9,165,180,9:41,8:35,66,66,1.01
2020-07-12 15:58:52,Walking,Portland Walking,1.73,284,00:57:20,82,105,0.3,56,137,33:12,14:31,75,62,0.9
2020-07-11 12:37:31,Cycling,Multnomah County Cycling,42.73,"1,576",02:45:24,128,174,2.3,0,0,15.5,34.9,646,"4,275",0.0
2020-07-11 07:48:28,Cycling,Portland Cycling,84.62,0,07:42:36,0,0,0,0,0,11.0,97.4,"4,797","4,795",0.0
2020-07-11 07:47:50,Cycling,Portland Cycling,41.54,"2,832",03:59:28,146,180,3.3,0,0,10.4,27.9,"4,199",594,0.0
2020-07-07 17:47:15,Running,Portland Running,3.11,500,00:28:38,164,182,3.6,166,180,9:13,7:51,33,49,1.05
2020-07-06 18:33:33,Cycling,Portland Cycling,16.06,787,01:09:45,135,180,3.0,0,0,13.8,25.8,351,377,0.0
2020-07-05 11:58:57,Stand Up Paddleboarding,Deschutes County SUP,4.9,306,01:23:54,81,96,0.1,0,0,17:08,7:00,0,0,0.0
2020-07-04 08:48:54,Hiking,Deschutes County Hiking,6.23,"1,096",02:34:12,109,166,2.2,91,218,24:46,8:23,"1,562","1,621",0.72
2020-07-03 12:56:26,Walking,Deschutes County Walking,2.64,364,00:56:00,99,118,0.4,93,128,21:11,14:54,89,82,0.82
2020-07-01 19:43:40,Running,Portland Running,3.0,488,00:29:48,155,167,3.2,162,174,9:55,8:54,36,69,1.0
2020-06-25 18:15:10,Running,Portland Running,3.11,503,00:28:24,166,177,3.7,165,178,9:09,8:03,30,43,1.06
2020-06-24 12:39:09,Running,Portland Running,3.1,502,00:28:30,164,177,3.6,164,176,9:11,8:20,43,49,1.07
2020-06-23 12:30:53,Running,Portland Running,3.11,510,00:30:23,159,175,3.3,156,174,9:46,8:14,30,39,1.06
2020-06-22 17:46:47,Running,Portland Running,2.01,323,00:19:23,157,170,3.0,163,178,9:40,8:49,20,23,1.02
2020-06-18 12:33:33,Running,Portland Running,2.01,279,00:17:36,147,175,2.7,165,178,8:47,8:04,30,30,1.11
2020-06-17 12:27:24,Running,Portland Running,3.01,491,00:28:06,164,182,3.6,163,178,9:21,7:58,49,72,1.06
2020-06-15 12:44:41,Running,Portland Running,3.12,488,00:28:10,162,180,3.6,162,184,9:02,7:36,49,79,1.1
2020-06-14 10:02:12,Running,Portland Running,2.01,271,00:16:56,151,180,2.9,167,182,8:26,7:46,16,46,1.14
2020-06-12 18:34:48,Running,Portland Running,2.01,312,00:18:50,156,170,3.0,163,180,9:23,7:45,26,52,1.05
2020-06-10 17:51:16,Cycling,Portland Cycling,10.92,527,01:13:26,110,142,0.6,0,0,8.9,16.7,282,256,0.0
2020-06-07 17:13:49,Running,Portland Running,3.11,473,00:27:43,162,187,3.6,168,186,8:55,7:20,43,89,1.08
2020-06-06 13:21:26,Running,Portland Running,4.05,641,00:38:07,163,178,3.9,164,188,9:24,7:59,154,184,1.04
2020-06-04 12:35:15,Walking,Portland Walking,3.31,436,00:59:01,93,111,0.5,104,113,17:51,9:13,85,62,0.87
2020-06-02 13:34:42,Running,Portland Running,2.01,266,00:17:29,150,181,2.8,159,184,8:42,7:28,30,33,1.16
2020-05-31 15:14:32,Cycling,Portland Cycling,31.78,"1,343",02:16:33,129,174,2.6,0,0,14.0,27.9,689,666,0.0
2020-05-30 19:29:48,Running,Portland Running,2.01,301,00:18:30,155,179,3.0,159,186,9:13,7:34,23,49,1.1
2020-05-29 12:34:59,Running,Portland Running,3.01,488,00:29:46,159,176,3.4,157,180,9:54,8:41,26,26,1.04
2020-05-26 11:47:18,Running,Portland Running,3.0,475,00:27:47,165,185,3.6,165,178,9:15,8:11,39,49,1.05
2020-05-24 15:37:50,Cycling,Deschutes County Cycling,12.04,802,01:16:56,130,153,2.1,0,0,9.4,21.0,315,299,0.0
2020-05-23 11:40:53,Hiking,Deschutes County Hiking,6.89,880,02:38:53,99,150,0.6,89,164,23:04,15:03,371,387,0.78
2020-05-22 13:45:53,Cycling,Deschutes County Cycling,7.67,383,00:44:34,117,146,1.0,0,0,10.3,17.3,92,85,0.0
2020-05-21 16:01:40,Hiking,Deschutes County Hiking,2.6,344,00:56:38,100,149,0.4,94,113,21:49,17:38,98,82,0.78
2020-05-19 13:50:35,Cycling,Portland Cycling,9.53,438,00:42:21,124,167,2.1,0,0,13.5,25.9,299,325,0.0
2020-05-18 18:02:52,Running,Portland Running,3.11,437,00:26:56,155,181,3.2,173,182,8:39,7:55,30,75,1.08
2020-05-17 15:36:32,Running,Portland Running,6.22,"1,002",00:59:33,163,178,4.5,169,186,9:34,8:29,59,105,1.0
2020-05-15 12:32:59,Running,Portland Running,3.11,489,00:29:08,162,184,3.5,165,182,9:22,7:53,43,62,1.04
2020-05-12 19:12:31,Running,Portland Running,4.01,633,00:38:30,159,174,3.7,163,180,9:37,7:54,59,102,1.03
2020-05-09 15:09:22,Cycling,Portland Cycling,16.01,824,01:13:12,137,169,2.8,0,0,13.1,30.2,404,400,0.0
2020-05-08 16:33:27,Running,Portland Running,3.13,495,00:29:42,162,176,3.6,165,174,9:30,8:36,59,82,1.03
2020-05-07 13:44:46,Cycling,Portland Cycling,11.44,689,00:53:04,139,174,3.1,0,0,12.9,28.7,400,381,0.0
2020-05-06 13:44:04,Running,Portland Running,3.0,442,00:26:59,160,182,3.4,165,186,8:59,7:11,49,75,1.08
2020-05-05 17:10:03,Cycling,Portland Cycling,9.6,462,01:05:20,109,144,0.6,0,0,8.8,19.1,282,282,0.0
2020-05-04 17:50:35,Running,Portland Running,2.01,283,00:17:01,162,183,3.1,168,196,8:27,7:40,13,49,1.13
2020-05-03 14:58:19,Running,Portland Running,6.24,"1,001",01:03:15,157,174,4.4,164,188,10:09,7:58,49,69,0.97
2020-05-02 17:56:17,Running,Portland Running,4.01,630,00:38:51,161,175,3.9,162,184,9:42,8:13,82,118,1.03
2020-05-01 12:10:23,Running,Portland Running,3.27,530,00:31:57,163,178,3.8,161,176,9:46,8:35,26,46,1.03
2020-04-28 17:49:38,Cycling,Portland Cycling,9.44,428,01:04:32,106,143,0.8,0,0,8.8,20.5,312,299,0.0
2020-04-27 12:36:54,Running,Portland Running,3.1,467,00:28:44,160,181,3.6,162,182,9:15,7:45,52,62,1.07
2020-04-26 12:58:01,Cycling,Portland Cycling,14.97,604,01:32:56,107,145,0.7,0,0,9.7,18.7,331,308,0.0
2020-04-25 15:37:08,Cycling,Portland Cycling,6.38,335,00:47:25,108,135,0.7,0,0,8.1,15.5,164,164,0.0
2020-04-24 13:32:27,Running,Portland Running,4.0,659,00:39:50,165,183,4.2,160,176,9:57,8:13,75,98,1.01
2020-04-22 11:46:28,Running,Portland Running,3.01,473,00:29:22,157,181,3.6,162,174,9:46,8:30,43,79,1.02
2020-04-21 18:03:26,Cycling,Portland Cycling,9.61,496,01:06:05,112,141,0.8,0,0,8.7,22.6,315,308,0.0
2020-04-20 13:15:41,Running,Portland Running,3.01,497,00:29:47,165,183,3.9,157,174,9:55,8:44,43,56,1.03
2020-04-19 13:36:23,Cycling,Portland Cycling,0.05,2,00:00:36.4,87,98,0.0,0,0,4.6,10.4,0,0,0.0
2020-04-17 16:28:44,Cycling,Portland Cycling,10.04,414,01:13:19,99,135,0.8,0,0,8.2,21.4,125,161,0.0
2020-04-15 13:33:52,Cycling,Portland Cycling,10.23,197,00:42:47,88,126,0.3,0,0,14.3,24.1,400,400,0.0
2020-04-12 16:13:16,Cycling,Portland Cycling,4.91,209,00:30:32,104,136,0.5,0,0,9.6,16.3,108,13,0.0
2020-04-12 13:35:48,Cycling,Portland Cycling,5.44,299,00:40:30,109,136,0.6,0,0,8.1,16.2,20,190,0.0
2020-04-11 14:39:55,Cycling,Portland Cycling,15.53,808,01:14:38,131,170,2.5,0,0,12.5,28.2,610,581,0.0
2020-04-09 16:22:01,Running,Portland Running,2.02,322,00:19:42,162,175,3.2,158,176,9:44,8:46,56,66,1.04
2020-04-08 12:36:28,Running,Portland Running,2.0,286,00:18:21,151,176,3.0,162,178,9:09,7:32,16,39,1.08
2020-04-06 14:02:11,Running,Portland Running,4.01,651,00:40:21,161,180,4.0,159,176,10:04,7:53,66,98,1.01
2020-04-04 14:40:31,Running,Portland Running,2.01,288,00:18:28,151,166,3.1,161,172,9:11,8:07,26,52,1.09
2020-04-02 14:25:32,Running,Portland Running,2.01,293,00:18:23,156,177,3.1,162,180,9:08,7:17,20,49,1.09
2020-03-31 13:08:12,Running,Portland Running,3.01,486,00:29:42,163,177,3.6,159,181,9:53,7:33,30,69,1.02
2020-03-27 12:55:51,Running,Portland Running,2.0,314,00:20:32,152,176,2.9,160,182,10:15,2:31,13,62,0.98
2020-03-26 13:09:19,Cycling,Portland Cycling,10.75,318,00:47:57,102,156,1.0,0,0,13.5,24.9,482,489,0.0
2020-03-19 12:18:49,Running,Portland Running,3.12,501,00:29:42,165,181,3.7,162,180,9:32,7:36,33,72,1.04
2020-03-16 12:29:09,Running,Portland Running,3.01,493,00:31:05,157,171,3.3,159,180,10:20,8:57,43,69,0.98
2020-03-14 17:45:18,Running,Portland Running,1.01,140,00:08:31.7,160,178,2.4,163,182,8:27,7:04,43,39,1.17
2020-03-14 17:18:07,Running,Portland Running,2.01,316,00:19:30,158,170,3.1,157,171,9:41,8:44,49,52,1.06
2020-03-13 17:34:56,Running,Portland Running,1.46,158,00:14:57,128,151,1.3,133,213,10:14,4:38,46,56,1.19
2020-03-12 16:28:19,Running,Portland Running,2.0,321,00:20:18,156,170,3.0,156,167,10:08,9:08,16,46,1.02
2020-03-09 17:29:50,Cycling,Portland Cycling,3.86,171,00:18:55,115,144,1.0,0,0,12.2,22.5,272,98,0.0
2020-03-09 07:39:47,Cycling,Portland Cycling,3.52,180,00:13:40,135,166,2.1,0,0,15.4,25.8,43,233,0.0
2020-03-08 19:35:20,Indoor Running,Indoor Running,0.05,1,00:00:19.6,100,112,0.0,167,205,7:13,4:26,0,0,1.33
2020-03-08 19:31:45,Indoor Running,Indoor Running,0.05,2,00:00:17.8,111,119,0.0,154,215,6:19,3:31,0,0,1.66
2020-03-07 14:41:22,Running,Portland Running,5.0,812,00:50:39,160,184,4.0,158,180,10:07,8:27,105,154,1.01
2020-03-06 17:33:49,Cycling,Portland Cycling,3.82,238,00:17:27,140,181,2.4,0,0,13.1,22.4,272,85,0.0
2020-03-06 12:57:25,Walking,Portland Walking,0.65,90,00:16:24,93,111,0.2,56,116,25:13,15:37,69,49,1.13
2020-03-06 07:37:26,Cycling,Portland Cycling,3.5,151,00:13:14,126,158,1.4,0,0,15.9,26.5,39,223,0.0
2020-03-05 17:30:11,Cycling,Portland Cycling,3.86,224,00:17:24,135,184,2.4,0,0,13.3,23.6,269,98,0.0
2020-03-05 12:51:56,Walking,Portland Walking,1.1,149,00:20:17,105,118,0.3,101,114,18:31,11:27,49,46,0.86
2020-03-05 07:28:41,Cycling,Portland Cycling,3.53,102,00:14:28,102,138,0.4,0,0,14.6,26.3,43,230,0.0
2020-03-04 20:06:58,Walking,Portland Walking,3.0,405,01:02:36,102,117,0.4,98,120,20:51,14:18,75,52,0.79
2020-03-04 17:53:41,Running,Portland Running,2.01,324,00:19:19,165,175,3.2,159,210,9:37,8:33,43,30,1.05
2020-03-04 17:26:42,Cycling,Portland Cycling,3.82,164,00:18:40,112,161,1.5,0,0,12.3,22.6,259,89,0.0
2020-03-04 07:20:52,Cycling,Portland Cycling,3.52,148,00:12:55,126,162,1.9,0,0,16.4,28.1,43,226,0.0
2020-03-03 17:51:09,Cycling,Portland Cycling,3.83,204,00:17:19,129,174,2.2,0,0,13.3,24.1,266,98,0.0
2020-03-03 12:21:47,Walking,Portland Walking,2.25,310,00:44:22,78,100,0.6,98,192,19:45,14:22,108,105,0.84
2020-03-03 07:39:21,Cycling,Portland Cycling,3.52,138,00:14:01,119,177,1.2,0,0,15.1,30.1,39,243,0.0
2020-03-02 20:19:44,Walking,Portland Walking,1.95,267,00:35:57,97,111,0.5,103,113,18:25,16:04,46,33,0.85
2020-03-02 17:36:51,Cycling,Portland Cycling,3.84,178,00:17:41,120,170,1.6,0,0,13.0,25.3,272,102,0.0
2020-03-02 12:10:10,Walking,Portland Walking,1.29,182,00:27:40,102,117,0.4,95,120,21:26,12:20,66,49,0.79
2020-03-02 07:30:57,Cycling,Portland Cycling,3.53,130,00:15:02,112,167,1.0,0,0,14.1,21.6,39,223,0.0
2020-03-01 13:57:46,Running,Portland Running,3.01,465,00:30:43,149,173,3.3,161,178,10:12,8:35,46,72,0.98
2020-02-28 17:17:09,Cycling,Portland Cycling,3.85,130,00:17:53,104,154,0.8,0,0,12.9,23.6,269,89,0.0
2020-02-28 07:44:01,Cycling,Portland Cycling,3.52,71,00:13:25,90,117,0.2,0,0,15.8,26.2,46,226,0.0
2020-02-27 18:54:07,Running,Portland Running,3.01,498,00:32:04,160,180,3.6,156,170,10:40,8:39,46,72,0.97
2020-02-26 17:23:34,Cycling,Portland Cycling,3.82,95,00:17:20,92,153,0.5,0,0,13.2,21.3,262,85,0.0
2020-02-26 07:43:54,Cycling,Portland Cycling,3.51,118,00:14:10,110,159,1.0,0,0,14.9,28.3,30,223,0.0
2020-02-25 17:36:28,Cycling,Portland Cycling,3.83,88,00:18:55,87,122,0.2,0,0,12.1,21.8,269,79,0.0
2020-02-25 07:36:43,Cycling,Portland Cycling,3.53,78,00:13:03,95,147,0.4,0,0,16.2,29.1,46,249,0.0
2020-02-24 07:34:29,Cycling,Portland Cycling,3.53,63,00:13:17,86,127,0.2,0,0,16.0,26.3,43,217,0.0
2020-02-23 18:00:39,Running,Portland Running,3.01,484,00:31:14,155,173,3.8,156,171,10:23,8:49,52,108,1.0
2020-02-22 10:51:52,Cycling,Portland Cycling,40.22,614,02:59:27,80,159,1.7,0,0,13.4,22.1,764,709,0.0
2020-02-21 16:29:15,Cycling,Portland Cycling,3.82,209,00:17:57,128,173,2.7,0,0,12.8,22.4,249,92,0.0
2020-02-21 07:09:51,Cycling,Portland Cycling,3.51,148,00:14:52,118,163,2.0,0,0,14.2,26.8,43,249,0.0
2020-02-20 17:30:10,Cycling,Portland Cycling,3.83,148,00:17:37,109,149,1.3,0,0,13.0,22.8,269,85,0.0
2020-02-20 07:40:45,Cycling,Portland Cycling,3.5,170,00:13:44,131,164,2.2,0,0,15.3,27.0,36,223,0.0
2020-02-14 17:33:53,Cycling,Portland Cycling,3.84,212,00:18:18,127,172,2.4,0,0,12.6,25.3,253,75,0.0
2020-02-14 07:40:38,Cycling,Portland Cycling,3.51,156,00:14:39,122,144,1.9,0,0,14.4,23.8,26,210,0.0
2020-02-13 17:35:14,Cycling,Portland Cycling,3.84,251,00:17:09,148,196,3.1,0,0,13.4,25.3,259,102,0.0
2020-02-13 07:41:46,Cycling,Portland Cycling,3.51,146,00:14:39,119,145,1.8,0,0,14.4,24.8,33,230,0.0
2020-02-12 17:19:38,Cycling,Portland Cycling,3.84,280,00:18:47,148,185,3.4,0,0,12.3,20.6,279,95,0.0
2020-02-12 07:27:01,Cycling,Portland Cycling,3.47,144,00:14:23,119,154,1.9,0,0,14.5,28.6,39,236,0.0
2020-02-11 17:29:57,Cycling,Portland Cycling,3.88,219,00:16:40,135,172,3.0,0,0,14.0,20.9,272,95,0.0
2020-02-11 07:31:35,Cycling,Portland Cycling,3.51,142,00:16:17,111,145,1.5,0,0,12.9,24.1,49,236,0.0
2020-02-09 11:02:04,Hiking,Tillamook County Hiking,4.79,"1,017",02:48:33,102,153,2.8,57,218,35:12,10:05,"1,519","1,450",0.81
2020-02-08 15:28:10,Running,Portland Running,3.02,503,00:31:58,161,178,4.3,156,176,10:35,8:32,66,285,0.98
2020-02-07 16:53:13,Cycling,Portland Cycling,3.76,176,00:17:14,119,140,2.0,0,0,13.1,23.5,256,102,0.0
2020-02-07 07:47:27,Cycling,Portland Cycling,3.49,122,00:14:35,108,145,1.5,0,0,14.4,25.1,49,233,0.0
2020-02-06 17:58:52,Cycling,Portland Cycling,3.83,144,00:18:08,108,128,1.0,0,0,12.7,21.6,259,98,0.0
2020-02-06 07:47:26,Cycling,Portland Cycling,3.5,184,00:16:23,125,170,2.3,0,0,12.8,25.4,36,217,0.0
2020-02-05 17:30:11,Cycling,Portland Cycling,3.82,227,00:17:23,135,175,3.0,0,0,13.2,24.7,256,98,0.0
2020-02-04 20:13:10,Walking,Portland Walking,1.63,216,00:33:05,97,112,0.7,101,113,20:17,13:11,66,79,0.78
2020-01-18 15:50:08,Running,Portland Running,2.01,316,00:19:55,155,183,3.5,160,170,9:54,8:19,23,59,1.02
2020-01-14 17:22:25,Cycling,Portland Cycling,3.76,204,00:18:45,124,168,2.2,0,0,12.0,23.3,289,75,0.0
2020-01-14 07:56:42,Cycling,Portland Cycling,3.42,165,00:15:30,121,150,2.0,0,0,13.3,26.1,39,233,0.0
2020-01-12 15:38:02,Resort Skiing/Snowboarding,Clackamas County Resort Skiing/Snowboarding,0.75,8,00:02:05.6,82,92,0.0,0,0,21.6,43.7,0,709,0.0
2020-01-11 12:42:28,Running,Portland Running,2.03,322,00:21:15,150,168,3.2,161,172,10:28,9:16,36,56,0.96
2020-01-10 16:55:26,Cycling,Portland Cycling,3.84,249,00:18:35,136,163,2.8,0,0,12.4,28.8,276,98,0.0
2020-01-10 07:53:56,Cycling,Portland Cycling,3.49,210,00:15:33,138,173,2.6,0,0,13.4,22.4,62,230,0.0
2020-01-09 17:39:23,Cycling,Portland Cycling,3.84,166,00:18:32,115,176,1.4,0,0,12.4,22.8,285,82,0.0
2020-01-09 07:55:44,Cycling,Portland Cycling,3.46,117,00:14:35,108,140,1.0,0,0,14.3,24.7,33,223,0.0
2020-01-08 17:11:31,Cycling,Portland Cycling,3.82,218,00:18:49,128,161,2.2,0,0,12.2,21.1,266,92,0.0
2020-01-08 07:47:26,Cycling,Portland Cycling,3.52,124,00:16:20,106,131,0.6,0,0,12.9,24.0,33,217,0.0
2020-01-07 17:39:15,Cycling,Portland Cycling,3.86,227,00:17:51,133,171,2.5,0,0,13.0,24.7,253,85,0.0
2020-01-07 07:56:49,Cycling,Portland Cycling,3.51,167,00:15:21,122,154,2.1,0,0,13.7,24.4,36,223,0.0
2020-01-06 17:40:00,Cycling,Portland Cycling,3.86,174,00:19:23,114,169,1.7,0,0,11.9,22.6,272,98,0.0
2020-01-06 07:50:14,Cycling,Portland Cycling,3.41,156,00:16:18,115,150,2.0,0,0,12.5,20.9,46,240,0.0
2020-01-03 17:17:40,Cycling,Portland Cycling,3.81,160,00:18:36,111,131,1.2,0,0,12.3,21.5,285,92,0.0
2020-01-03 07:55:14,Cycling,Portland Cycling,3.51,168,00:15:00,125,162,2.1,0,0,14.0,21.5,36,220,0.0
2020-01-02 17:45:25,Cycling,Portland Cycling,3.81,228,00:17:33,134,163,2.5,0,0,13.0,22.6,269,98,0.0
2020-01-02 07:45:14,Cycling,Portland Cycling,3.51,134,00:15:46,110,149,1.2,0,0,13.4,22.9,36,226,0.0
2019-12-31 13:33:16,Hiking,Deschutes County Hiking,1.84,485,00:49:23,129,177,3.5,87,220,26:51,15:08,597,607,0.69
2019-12-27 15:00:47,Hiking,Deschutes County Hiking,3.28,718,01:35:48,116,169,3.2,74,221,29:09,17:01,656,679,0.75
2019-12-25 12:41:09,Hiking,Deschutes County Hiking,5.31,707,02:07:27,99,140,1.6,89,196,24:01,15:08,397,394,0.75
2019-12-19 18:30:40,Indoor Cycling,Indoor Cycling,0.0,654,00:47:21,145,175,4.2,0,0,0,0,0,0,0.0
2019-12-18 17:21:06,Cycling,Portland Cycling,3.74,168,00:18:28,114,160,2.0,0,0,12.1,21.8,262,98,0.0
2019-12-17 07:50:11,Cycling,Portland Cycling,3.48,173,00:14:48,127,154,2.3,0,0,14.1,23.8,46,226,0.0
2019-12-16 17:34:43,Cycling,Portland Cycling,3.82,209,00:18:10,128,174,2.5,0,0,12.6,20.7,272,92,0.0
2019-12-16 07:53:34,Cycling,Portland Cycling,3.48,179,00:13:54,133,163,2.6,0,0,15.0,23.5,59,230,0.0
2019-12-13 17:14:23,Cycling,Portland Cycling,3.85,239,00:20:07,131,171,2.6,0,0,11.5,18.8,282,92,0.0
2019-12-13 08:03:50,Cycling,Portland Cycling,3.34,150,00:13:56,122,149,2.1,0,0,14.4,26.2,39,217,0.0
2019-12-12 17:13:53,Cycling,Portland Cycling,3.79,224,00:17:58,132,173,3.0,0,0,12.7,23.6,279,102,0.0
2019-12-12 07:52:57,Cycling,Portland Cycling,3.43,171,00:14:25,128,167,2.5,0,0,14.3,24.5,36,213,0.0
2019-12-11 17:30:18,Cycling,Portland Cycling,3.87,277,00:20:08,141,182,3.4,0,0,11.5,21.7,266,95,0.0
2019-11-25 17:45:40,Cycling,Portland Cycling,3.82,223,00:18:57,129,153,2.1,0,0,12.1,20.2,279,95,0.0
2019-11-25 07:55:57,Cycling,Portland Cycling,3.38,118,00:14:15,110,129,0.6,0,0,14.3,25.5,36,220,0.0
2019-11-22 17:16:18,Cycling,Portland Cycling,3.95,238,00:26:11,118,143,1.6,0,0,9.1,21.4,305,125,0.0
2019-11-22 07:52:57,Cycling,Portland Cycling,3.24,136,00:11:45,126,151,1.8,0,0,16.6,26.3,36,213,0.0
2019-11-21 17:39:48,Cycling,Portland Cycling,3.82,221,00:19:58,126,179,2.4,0,0,11.5,22.1,282,98,0.0
2019-11-21 07:51:50,Cycling,Portland Cycling,3.41,184,00:14:52,131,159,2.3,0,0,13.8,24.5,46,233,0.0
2019-11-20 17:25:31,Cycling,Portland Cycling,3.83,181,00:19:03,117,157,1.9,0,0,12.1,24.2,266,92,0.0
2019-11-20 07:47:26,Cycling,Portland Cycling,3.47,143,00:16:17,112,145,1.4,0,0,12.8,26.4,30,220,0.0
2019-11-19 07:48:06,Cycling,Portland Cycling,3.46,152,00:14:50,120,136,1.2,0,0,14.0,23.1,30,203,0.0
2019-11-18 17:35:30,Cycling,Portland Cycling,3.84,197,00:19:40,119,142,1.6,0,0,11.7,24.3,259,85,0.0
2019-11-18 07:49:43,Cycling,Portland Cycling,3.52,144,00:14:54,117,146,1.1,0,0,14.2,25.1,49,203,0.0
2019-11-15 17:07:21,Cycling,Portland Cycling,3.84,225,00:18:58,130,156,2.3,0,0,12.2,21.6,259,95,0.0
2019-11-15 07:51:06,Cycling,Portland Cycling,3.49,165,00:15:37,121,146,1.6,0,0,13.4,27.5,30,220,0.0
2019-11-14 17:38:09,Cycling,Portland Cycling,3.81,253,00:18:05,141,167,2.8,0,0,12.6,22.3,256,82,0.0
2019-11-14 07:50:04,Cycling,Portland Cycling,3.45,152,00:14:41,120,143,1.4,0,0,14.1,24.2,39,217,0.0
2019-11-13 07:45:58,Cycling,Portland Cycling,3.5,156,00:15:57,117,141,1.2,0,0,13.2,24.9,36,210,0.0
2019-11-12 17:29:06,Cycling,Portland Cycling,3.91,238,00:19:12,132,166,2.4,0,0,12.2,21.0,246,82,0.0
2019-11-12 07:31:21,Cycling,Portland Cycling,3.53,178,00:16:39,123,138,1.5,0,0,12.7,24.0,46,223,0.0
2019-11-08 17:13:04,Cycling,Portland Cycling,3.85,205,00:19:00,123,147,2.0,0,0,12.2,21.4,259,82,0.0
2019-11-08 07:45:20,Cycling,Portland Cycling,3.5,194,00:15:36,132,165,2.5,0,0,13.5,25.8,43,210,0.0
2019-11-07 17:43:03,Cycling,Portland Cycling,3.8,188,00:18:59,118,169,2.3,0,0,12.0,23.0,259,85,0.0
2019-11-07 07:46:05,Cycling,Portland Cycling,3.56,161,00:15:44,120,144,1.6,0,0,13.6,26.2,46,230,0.0
2019-11-06 17:35:07,Cycling,Portland Cycling,3.83,250,00:19:03,136,169,2.9,0,0,12.1,22.5,259,92,0.0
2019-11-06 07:51:32,Cycling,Portland Cycling,3.56,138,00:16:07,111,140,1.2,0,0,13.2,23.7,39,207,0.0
2019-11-04 17:42:34,Cycling,Portland Cycling,3.79,200,00:19:45,120,156,2.1,0,0,11.5,22.4,266,89,0.0
2019-11-04 07:42:15,Cycling,Portland Cycling,3.56,158,00:16:19,117,147,1.8,0,0,13.1,25.7,39,213,0.0
2019-11-03 15:54:19,Running,Portland Running,1.01,127,00:09:43.3,130,143,2.2,158,167,9:37,5:04,7,36,1.06
2019-11-01 07:56:02,Cycling,Portland Cycling,1.03,40,00:04:51.5,108,125,0.4,0,0,12.8,17.2,7,16,0.0
2019-10-31 17:22:54,Cycling,Portland Cycling,3.82,201,00:20:36,120,140,1.8,0,0,11.1,21.5,282,92,0.0
2019-10-31 07:48:08,Cycling,Portland Cycling,3.56,168,00:15:39,123,149,2.1,0,0,13.7,24.0,36,213,0.0
2019-10-30 17:47:18,Cycling,Portland Cycling,3.81,207,00:18:21,128,170,2.7,0,0,12.5,24.4,285,79,0.0
2019-10-30 07:48:54,Cycling,Portland Cycling,3.54,164,00:15:46,122,144,2.0,0,0,13.5,26.0,36,220,0.0
2019-10-29 17:49:41,Cycling,Portland Cycling,3.9,181,00:21:39,113,153,1.7,0,0,10.8,23.4,292,89,0.0
2019-10-29 07:43:56,Cycling,Portland Cycling,3.52,156,00:14:27,122,153,2.2,0,0,14.6,28.4,62,246,0.0
2019-10-28 17:23:34,Cycling,Portland Cycling,3.84,213,00:18:48,128,168,2.6,0,0,12.3,21.2,259,79,0.0
2019-10-28 07:11:32,Cycling,Portland Cycling,3.52,135,00:13:07,122,158,2.0,0,0,16.1,27.1,56,220,0.0
2019-10-27 12:51:10,Hiking,Clackamas County Hiking,5.07,965,02:37:50,105,142,2.0,75,221,31:09,12:43,"1,014","1,040",0.69
2019-10-25 07:52:28,Cycling,Portland Cycling,3.88,172,00:18:15,117,150,2.0,0,0,12.8,21.7,89,243,0.0
2019-10-24 17:24:23,Cycling,Portland Cycling,3.8,189,00:19:04,122,158,2.2,0,0,11.9,22.5,194,13,0.0
2019-10-24 07:51:03,Cycling,Portland Cycling,3.53,122,00:15:29,108,141,1.1,0,0,13.7,27.8,46,213,0.0
2019-10-23 17:45:01,Cycling,Portland Cycling,3.98,192,00:19:26,120,149,2.1,0,0,12.3,23.9,276,95,0.0
2019-10-23 07:44:05,Cycling,Portland Cycling,3.53,142,00:14:59,116,141,1.8,0,0,14.1,29.4,46,217,0.0
2019-10-22 17:36:52,Cycling,Portland Cycling,3.85,178,00:19:24,115,135,1.9,0,0,11.9,25.3,259,89,0.0
2019-10-22 07:56:11,Cycling,Portland Cycling,3.53,103,00:14:01,105,138,1.0,0,0,15.1,27.2,43,213,0.0
2019-10-21 17:41:24,Cycling,Portland Cycling,3.82,227,00:18:28,134,172,3.0,0,0,12.4,23.8,256,85,0.0
2019-10-21 07:49:23,Cycling,Portland Cycling,3.46,121,00:15:17,109,140,1.2,0,0,13.6,24.2,33,203,0.0
2019-10-19 14:26:35,Running,Portland Running,2.03,333,00:21:39,163,183,3.7,157,167,10:39,8:26,39,56,0.96
2019-10-15 17:46:56,Cycling,Portland Cycling,2.67,132,00:14:55,113,141,1.4,0,0,10.7,24.4,246,95,0.0
2019-10-15 07:47:28,Cycling,Portland Cycling,3.57,162,00:16:23,118,157,2.1,0,0,13.1,22.3,52,230,0.0
2019-10-11 07:50:05,Cycling,Portland Cycling,3.42,157,00:14:56,122,156,2.1,0,0,13.7,25.4,49,220,0.0
2019-10-10 17:21:28,Cycling,Portland Cycling,3.86,199,00:20:08,119,160,2.2,0,0,11.5,23.2,282,105,0.0
2019-10-10 07:38:28,Cycling,Portland Cycling,3.55,127,00:15:03,110,139,1.2,0,0,14.2,25.5,59,223,0.0
2019-10-09 07:46:29,Cycling,Portland Cycling,3.49,138,00:16:34,110,131,1.2,0,0,12.6,26.4,52,246,0.0
2019-10-08 17:43:44,Cycling,Portland Cycling,3.81,189,00:19:53,118,143,1.9,0,0,11.5,22.1,262,85,0.0
2019-10-08 07:47:23,Cycling,Portland Cycling,3.66,164,00:16:37,120,147,2.0,0,0,13.2,25.4,62,217,0.0
2019-10-07 07:47:09,Cycling,Portland Cycling,3.48,117,00:15:05,106,127,0.9,0,0,13.9,24.5,46,217,0.0
2019-09-20 07:52:48,Cycling,Portland Cycling,3.49,153,00:14:53,121,139,1.6,0,0,14.1,24.3,30,210,0.0
2019-09-19 17:25:21,Cycling,Portland Cycling,3.98,243,00:23:15,124,163,2.3,0,0,10.3,20.2,253,85,0.0
2019-09-19 07:42:29,Cycling,Portland Cycling,3.55,132,00:16:01,110,134,0.9,0,0,13.3,24.4,39,203,0.0
2019-09-06 17:26:08,Cycling,Portland Cycling,3.84,318,00:21:04,152,177,3.5,0,0,10.9,20.7,249,92,0.0
2019-09-06 07:24:34,Cycling,Portland Cycling,3.52,135,00:17:21,108,136,1.1,0,0,12.2,25.4,43,213,0.0
2019-09-05 08:02:06,Cycling,Portland Cycling,3.52,156,00:18:23,112,134,1.3,0,0,11.5,23.5,43,207,0.0
2019-09-04 17:13:44,Cycling,Portland Cycling,3.81,271,00:20:53,138,172,3.4,0,0,10.9,21.4,240,95,0.0
2019-09-04 07:42:38,Cycling,Portland Cycling,3.39,114,00:16:12,103,130,0.9,0,0,12.6,25.4,36,203,0.0
2019-09-03 20:00:43,Running,Portland Running,2.02,349,00:21:04,169,187,4.3,156,167,10:25,9:09,26,52,0.99
2019-09-01 11:22:05,Hiking,Wasco County Hiking,3.3,550,01:24:01,108,151,2.0,88,232,25:28,16:55,646,627,0.72
2019-08-26 20:41:18,Running,Portland Running,2.02,343,00:22:17,164,184,3.9,156,173,11:04,8:03,36,49,0.93
2019-08-25 16:08:04,Running,Portland Running,1.44,242,00:14:44,167,184,3.6,161,168,10:14,9:04,20,36,0.98
2019-08-24 13:06:18,Running,Portland Running,2.01,337,00:19:57,171,191,4.4,160,172,9:56,8:56,33,49,1.01
2019-07-29 20:46:33,Running,Portland Running,2.22,287,00:43:37,107,120,0.6,101,110,19:39,15:58,23,43,0.81
2019-07-28 10:48:44,Hiking,Deschutes County Hiking,4.38,623,01:35:55,108,145,0.9,95,159,21:55,17:38,226,207,0.77
2019-07-27 14:21:51,Cycling,Deschutes County Cycling,9.75,804,01:09:51,137,163,3.0,0,0,8.4,22.2,335,295,0.0
2019-07-27 08:23:32,Hiking,Deschutes County Hiking,0.66,199,00:36:28,94,119,0.5,32,155,55:11,19:10,210,167,0.92
2019-07-26 15:41:13,Whitewater Kayaking/Rafting,Deschutes County Kayak,3.74,564,01:09:04,117,137,1.4,0,0,3.2,5.7,121,135,0.0
2019-07-26 11:30:24,Hiking,Deschutes County Hiking,2.16,376,00:57:37,104,144,0.9,71,215,26:40,16:14,207,197,0.85
2019-07-24 09:46:21,Hiking,Deschutes County Hiking,9.37,"1,752",03:10:21,130,174,3.3,99,218,20:19,9:45,"1,266","1,234",0.8
2019-07-21 15:55:36,Cycling,Portland Cycling,30.46,"1,544",02:34:23,138,177,3.8,0,0,11.8,27.6,843,807,0.0
2019-07-20 10:47:28,Running,Portland Running,1.03,156,00:10:41,144,155,2.5,157,174,10:24,8:46,3,26,0.99
2019-07-14 12:24:04,Cycling,Portland Cycling,21.65,"1,052",01:46:21,130,156,2.9,0,0,12.2,23.2,436,430,0.0
2019-07-05 14:32:41,Hiking,Klamath County Hiking,2.07,526,00:58:47,115,155,2.7,80,159,28:19,11:44,"1,001","1,447",0.71
2019-06-30 19:24:11,Running,Portland Running,1.0,162,00:10:19,161,177,2.8,158,171,10:15,9:20,0,30,0.99
2019-06-28 15:00:42,Cycling,Portland Cycling,3.36,130,00:17:58,103,148,0.8,0,0,11.2,24.5,52,210,0.0
2019-06-23 13:30:49,Cycling,Portland Cycling,5.35,290,00:36:18,111,150,1.4,0,0,8.8,13.9,121,39,0.0
2019-06-23 11:32:02,Cycling,Portland Cycling,5.54,237,00:39:04,99,126,0.5,0,0,8.5,15.6,20,121,0.0
2019-06-20 21:26:46,Cycling,Portland Cycling,5.0,146,00:20:55,103,132,0.7,0,0,14.3,20.9,98,30,0.0
2019-06-20 20:52:06,Cycling,Portland Cycling,6.39,248,00:27:57,114,149,2.0,0,0,13.7,23.0,39,135,0.0
2019-06-18 19:04:15,Running,Portland Running,1.02,145,00:10:47,136,150,2.3,148,213,10:33,7:41,23,7,1.03
2019-06-08 18:21:36,Cycling,Portland Cycling,1.65,104,00:07:35.5,139,167,2.2,0,0,13.1,21.9,33,39,0.0
2019-06-08 17:55:05,Cycling,Portland Cycling,1.67,87,00:07:14.6,129,150,1.7,0,0,13.9,22.9,62,16,0.0
2019-06-04 15:48:27,Cycling,Portland Cycling,5.28,388,00:30:02,138,175,3.7,0,0,10.5,21.7,233,52,0.0
2019-06-04 14:45:02,Cycling,Portland Cycling,3.38,165,00:15:02,125,155,2.1,0,0,13.5,26.1,39,194,0.0
2019-06-02 15:08:01,Cycling,Portland Cycling,8.25,602,01:10:44,118,149,2.1,0,0,7.0,17.2,302,135,0.0
2019-06-02 13:28:31,Cycling,Portland Cycling,7.55,385,00:46:13,116,138,1.3,0,0,9.8,18.3,89,243,0.0
2019-06-01 20:02:12,Cycling,Portland Cycling,3.17,168,00:23:43,103,137,0.9,0,0,8.0,20.9,13,177,0.0
2019-05-05 19:11:48,Running,Portland Running,0.62,100,00:06:47.3,150,173,2.2,153,171,11:00,9:27,3,3,0.96
2019-04-28 11:51:24,Hiking,Klickitat County Hiking,4.96,"1,030",02:23:28,116,146,2.5,82,245,28:56,7:07,"1,398","1,348",0.68
2019-04-22 13:35:55,Running,Portland Running,0.78,109,00:08:27.2,133,153,2.0,150,164,10:48,8:43,7,16,1.0
2019-04-21 17:27:39,Cycling,Portland Cycling,2.25,136,00:10:28,136,164,2.2,0,0,12.9,19.7,43,39,0.0
2019-04-21 10:42:57,Running,Portland Running,1.51,233,00:16:15,146,189,2.9,159,167,10:45,9:15,30,33,0.94
2019-04-15 10:24:28,Running,Portland Running,1.04,158,00:10:48,144,156,2.8,161,169,10:24,9:06,20,16,0.96
2019-04-11 07:43:19,Running,Portland Running,1.5,242,00:16:23,150,170,3.0,157,165,10:53,10:01,30,33,0.94
2019-04-10 12:30:19,Strength Training,Strength,0.0,4,00:01:23.9,94,102,0.0,0,0,0,0,0,0,0.0
2019-04-10 07:00:00,Other,Spinning® - MyFitnessPal,0.0,340,00:40:00,0,0,0,0,0,0,0,0,0,0.0
2019-04-09 05:30:00,Other,Spinning® - MyFitnessPal,0.0,714,01:00:00,0,0,0,0,0,0,0,0,0,0.0
2019-03-30 13:12:35,Hiking,Cascade Locks Hiking,4.24,690,01:49:22,108,146,2.1,88,219,25:46,6:35,873,837,0.71
2019-03-01 16:06:38,Running,Portland - Running,1.03,159,00:12:50,137,156,2.4,136,169,12:30,8:56,46,13,0.95
2019-03-01 15:45:03,Running,Portland - Running,1.01,168,00:10:58,156,178,3.1,152,179,10:54,8:57,13,7,0.97
2018-11-28 17:31:14,Yoga,Yoga,0.0,458,01:04:01,112,161,3.0,0,0,0,0,0,0,0.0
2018-10-21 12:32:27,Cycling,Portland Cycling,6.78,403,00:32:53,139,171,3.3,0,0,12.4,22.9,236,164,0.0
2018-10-21 11:05:45,Cycling,Portland Cycling,6.92,362,00:30:27,135,173,3.3,0,0,13.6,22.9,144,210,0.0
2018-10-06 12:19:43,Hiking,Portland Hiking,2.02,413,00:55:41,111,151,2.5,89,160,27:34,18:12,568,577,0.66
2018-09-20 18:03:06,Running,Portland Running,1.01,144,00:09:53.8,148,163,2.3,157,176,9:49,7:56,20,43,1.05
2018-09-15 20:31:46,Running,Valley County Running,11.52,"2,185",04:04:50,135,182,5.0,93,234,21:15,11:56,"2,165","2,671",0.81
2018-09-10 18:09:12,Running,Portland Running,2.28,437,00:29:08,158,186,3.8,147,223,12:47,7:59,295,308,0.85
2018-09-08 08:08:11,Running,Tillamook County Running,5.01,899,00:58:27,156,178,3.4,146,186,11:40,8:17,10,23,0.95
2018-09-05 18:07:48,Running,Portland Running,6.01,"1,205",01:05:13,171,197,5.0,147,235,10:51,7:55,180,269,1.01
